address,operation,suboperation
1200 SW GREENWOOD AVE,Water Restoration,Main
101 NW A ST,City Hall,Main
801 NE 9TH ST,Pool,Main
725 NE 6TH ST,Police,Headquarters
650 SE H ST,Yard,Main
650 SE H ST SHOP,Yard,Main
3071 LEONARD RD,Fire,Redwood
199 NW HILLCREST DR,Fire,Hillcrest
800 E PARK ST,Fire,Park
821 SE M ST UNIT WTR,Water Treatment,Main
650 SE I ST,Yard,Main
1799 WEBSTER RD,Parks,Reinhart
780 E PARK ST,Parks,Baker
2172 NE INDUSTRY DR,Police,Office
615 NW 5TH ST,City Hall,IT Building
300 E PARK ST,Parks,Riverside
1 PANORAMIC LOOP,Water Infrastructure,Main
1918 NW CROWN ST UNIT GENERA,Water Infrastructure,Main
181 HILL TOP DR,Water Infrastructure,Main
000 INDEPENDENCE DR,Water Infrastructure,Main
2171 SW BRIDGE ST,Sewer Infrastructure,Main
