address,meter,operation,suboperation
101  NW  A  ST,69976285,City Hall,Main
6TH & A ST CK,81970927,City Hall,Main
615  NW  5TH  ST,81971113,City Hall,IT Building
199  NW  HILLCREST  DR,69976078,Fire,Hillcrest
800  E  PARK  ST,69976121,Fire,Park
3071    LEONARD  RD,75456367,Fire,Redwood
199  NW  HILLCREST  DR,81198284,Fire,Hillcrest
1749    MERLIN  RD    #  SKID,75468657,Merlin Landfill,Main
SANITARY LANDFILL,80098322,Merlin Landfill,Main
1749    MERLIN  RD,81345241,Merlin Landfill,Main
ABT 7TH BRIDGE,77844592,Outdoor Lights,Main
NW CORNER    7TH AND M,78170609,Outdoor Lights,Main
NW CORNER    6TH AND E,78170639,Outdoor Lights,Main
WS WASH BTWN MAN & EVEL,78800786,Outdoor Lights,Main
NW 4 & F ST SGNLS,78800799,Outdoor Lights,Main
NW CORNER    7TH AND SAVAGE,78800844,Outdoor Lights,Main
SE 7TH & L ST SGNL,78800857,Outdoor Lights,Main
SW CORNER    6TH AND D,78800863,Outdoor Lights,Main
ABT 4TH AND G,78800875,Outdoor Lights,Main
520  SW  G  ST,78800881,Outdoor Lights,Main
SW CORNER    6TH AND H      #  SIGNAL,78800883,Outdoor Lights,Main
SE 9TH & F ST SGNL,78982425,Outdoor Lights,Main
WEBSTER ALL SPORTS PARK,78982635,Outdoor Lights,Main
145  SE  G  ST Duck Lot,79803508,Outdoor Lights,Main
HUB ALL SPORTS PARK,79805316,Outdoor Lights,Main
1690    ALLEN CREEK  RD    #  LIGHTS,80271471,Outdoor Lights,Main
NW CORNER    7TH AND H,80271487,Outdoor Lights,Main
SE CORNER    7TH AND J,80802072,Outdoor Lights,Main
NW CORNER    6TH AND SAVAGE,80802074,Outdoor Lights,Main
NE CORNER    7TH AND E,80802086,Outdoor Lights,Main
SE CORNER    7TH AND A,80802092,Outdoor Lights,Main
SE CORNER    7TH AND D,80802093,Outdoor Lights,Main
SW CORNER    6TH AND J,80802094,Outdoor Lights,Main
SW CORNER    6TH AND F,80802182,Outdoor Lights,Main
SW  CAVEMAN BRIDGE  ST,81035965,Outdoor Lights,Main
WEBSTER RD CONCESSION,81099769,Outdoor Lights,Main
1655  SW  WEBSTER  RD,81099770,Outdoor Lights,Main
916  W  PARK  ST,81101302,Outdoor Lights,Main
986  SW  6TH  ST,81101946,Outdoor Lights,Main
820  SE  M  ST    #  SKATE,81104272,Outdoor Lights,Main
NW CORNER    6TH AND M,81196384,Outdoor Lights,Main
NE CORNER    7TH AND EVELYN,81196385,Outdoor Lights,Main
SW CORNER    6TH AND L,81196427,Outdoor Lights,Main
SW CORNER    6TH AND H,81196434,Outdoor Lights,Main
TERRY LN GP PARKWAY,81196459,Outdoor Lights,Main
NE CORNER    7TH AND F,81196460,Outdoor Lights,Main
ABT 595  NE  E  ST,81197194,Outdoor Lights,Main
GROWERS MKT CRNR 5TH F,81197254,Outdoor Lights,Main
DECORATIVE LIGHTS,81197312,Outdoor Lights,Main
DECORATIVE LIGHTS,81197970,Outdoor Lights,Main
ABT 599  NE  F  ST,81198321,Outdoor Lights,Main
ABT    REDWOOD AVE & DOWELL      #  SIGNAL,81198455,Outdoor Lights,Main
1201    REDWOOD  AVE    #  TRAFFIC,81198474,Outdoor Lights,Main
1100    BLK LNRDGE TNS  CT,81198798,Outdoor Lights,Main
PARKDALE & RR HWY,81198832,Outdoor Lights,Main
207  SW  G  ST    #  HAIR XMAS TREE LIGHTS,81198847,Outdoor Lights,Main
NW CR 5TH & I ST TIMER,81198852,Outdoor Lights,Main
1 STREETLIGHT OLD,81199410,Outdoor Lights,Main
4TH & BRIDGE ST,81199440,Outdoor Lights,Main
330  SW  I  ST    #  LTS,81331323,Outdoor Lights,Main
986  SW  6TH  ST,81446220,Outdoor Lights,Main
PARK ST AT BACKSTOP,81495393,Outdoor Lights,Main
304  E  PARK  ST,81495557,Outdoor Lights,Main
GILBERT CR PRK BALLFLD,81495743,Outdoor Lights,Main
PORTOLA PK LTS 4 TEN CT,81969975,Outdoor Lights,Main
888    ROGUE RIVER  HWY    #  LIGHTS,81970034,Outdoor Lights,Main
5TH & H ST PARK LOT,81970217,Outdoor Lights,Main
1187    ROGUE RIVER  HWY,81970283,Outdoor Lights,Main
DECORATIVE LIGHTS,81970926,Outdoor Lights,Main
1560    HAMILTON  LN,81971106,Outdoor Lights,Main
1190    ROGUE RIVER  HWY,81971145,Outdoor Lights,Main
E PARK W OF GP PARKWAY,81971368,Outdoor Lights,Main
ABT 821  SE  M  ST,81971951,Outdoor Lights,Main
500  SE  I  ST    #  BLOCK,81972263,Outdoor Lights,Main
650  SE  I  ST,81972265,Outdoor Lights,Main
WESTHOLM PARK,82344714,Outdoor Lights,Main
ABT    WILLOW/REDWOOD  AVE,82347810,Outdoor Lights,Main
HEART ALL SPORTS PARK,82364636,Outdoor Lights,Main
GILBERT CR PRK TENNIS,82364643,Outdoor Lights,Main
SE CORNER    RINGUETTE & REDWOOD HWY,82416251,Outdoor Lights,Main
1460    ROGUE RIVER  HWY      LIGHTS,82422889,Outdoor Lights,Main
1187    ROGUE RIVER  HWY,74266200,Parks,Morrison
304  E  PARK  ST    #  EVENTS,77770128,Parks,Riverside
7TH & PARK ST TFL,80887687,Parks,Riverside
1442  NW  WASHINGTON  BLVD,81100554,Parks,Ogle
780  W  PARK  ST,81101303,Parks,Tussing
1385    DOWELL  RD,81102329,Parks,Redwood
1663  SW  WEBSTER  RD,81166555,Parks,River Vista
RIVERSIDE WEST SHELTER,81198215,Parks,Reinhart
1799  SW  WEBSTER  RD,81198238,Parks,Reinhart
1799  SW  WEBSTER  RD,81198240,Parks,Reinhart
WEBSTER LN SCOREBOARD,81198241,Parks,Reinhart
1729  SE  PORTOLA  DR    #  NX,81199040,Parks,Portorla
1000    VISTA  DR,81458623,Parks,Riverside
780  E  PARK  ST,81458624,Parks,Baker
304  E  PARK  ST    #  SHOP,81970614,Parks,Riverside
304  E  PARK  ST    #  SHOP,81970615,Parks,Riverside
304  E  PARK  ST    #  SHOP,81970616,Parks,Riverside
2172  NE  INDUSTRY  DR,74266174,Police,Office
726  NE  7TH  ST Police Headquarters,79805301,Police,Headquarters
1190 NE Ridge Rd Unit,81102319,Police,Radio Repeater
NE 9TH & WHARTON DR,75463991,Pool,Main
CRNR/ROGLEA  & WEBSTER,81953582,Sewer Infrastructure,Main
WEBSTER  RD      SEWER PLNT,75468682,Water Restoration,Main
1200  SW  GREENWOOD  AVE      Water Restoration,79801907,Water Restoration,Main
6TH & MORGAN LN,69975993,Water Infrastructure,Main
LAWNRIDGE & MANZANITA,69976127,Water Infrastructure,Main
N E BEACON & MADRONE,74266158,Water Infrastructure,Main
BEACON & HEFLEY,74266179,Water Infrastructure,Main
4960    LEONARD  RD,75456342,Water Infrastructure,Main
2211  SE  LINDEN  LN,75456390,Water Infrastructure,Main
3100  S  RIVER  RD,75456402,Water Infrastructure,Main
GP CITY    WILLIAMS  HWY      STATION,75456417,Water Infrastructure,Main
HARBECK RD & HILLTOP DR,75456419,Water Infrastructure,Main
STARLITE OFF HGLND,75468619,Water Infrastructure,Main
1918 NW Crown,75468680,Water Infrastructure,Main
1690  SW  WEBSTER  RD    #  PUMP,75468693,Water Infrastructure,Main
820  SE  M  ST    #  SKATE,75468705,Water Infrastructure,Main
2331    CLOVERLAWN  DR,77440046,Water Infrastructure,Main
2407 Robertson Crest,77588558,Water Infrastructure,Main
3900    HIGHLAND  AVE,78886475,Water Infrastructure,Main
1424    DENTON  TRL Reservoir #11,81100877,Water Infrastructure,Main
N E MEMORIAL LTS-PUMP,81196431,Water Infrastructure,Main
ABT500    WOODSON  DR,81197698,Water Infrastructure,Main
221  SE  6TH  ST    #  ALLEY,81198300,Water Infrastructure,Main
2171  SW  BRIDGE  ST    #  SEPTIC,81344709,Water Infrastructure,Main
HARBECK & G I  LN,81344716,Water Infrastructure,Main
254    LANDAU  LN    #  PUMP,81456419,Water Infrastructure,Main
1442  NE  SHERMAN  LN Reservoir #3,81457293,Water Infrastructure,Main
351    HIEGLEN  LOOP,81458488,Water Infrastructure,Main
OFF HIGHLAND BY A-12205,81459445,Water Infrastructure,Main
2599  NW  HIGHLAND  AVE,81953715,Water Infrastructure,Main
1190  NE  RIDGE  RD,81971695,Water Infrastructure,Main
821  SE  M  ST  Water Treatment Plant,79801908,Water Treatment,Main
198  SW  6TH  ST,81985651,Welcome Center,Main
500  SE  I  ST    #  BLOCK,81157634,Yard,Other
650  SE  H  ST,81203222,Yard,Main
