vehicle_id,op_yearmonth,operation,suboperation,model_year,vehicle_desc,category,purpose,fuel_type
10T5-1,201901,Other Vehicles,Main,2010,Bobcat CT230,Construction Equipment,Construction,Diesel
02B4-1,201901,Sewer Infrastructure,Main,2002,Case 580SM Backhoe,Construction Equipment,Construction,Diesel
01BT4-1,201901,Streets,Main,2001,Ford Bucket Truck,Heavy Duty Vehicle,Construction,Diesel
02L4-1,201901,Streets,Main,2002,Caterpillar Loader,Construction Equipment,Construction,Diesel
17K4-1,201901,Streets,Main,2017,Crafco Melter,Construction Equipment,Construction,Diesel
02H6-1,201901,Streets,Storm,2002,Sterling H-Vac LT9500,Construction Equipment,Construction,Diesel
16C4-1,201901,Streets,Storm,2016,Generator,Construction Equipment,Construction,Diesel
04C3-1,201901,Water Infrastructure,Main,2004,Air Compressor,Construction Equipment,Construction,Diesel
17X3-1,201901,Water Infrastructure,Main,2017,Bobcat Excavator,Construction Equipment,Construction,Diesel
98B3-1,201901,Water Infrastructure,Main,1998,JD Backhoe,Construction Equipment,Construction,Diesel
00P2-2,201901,Fire,Main,2000,Pierce Pumper,Heavy Duty Vehicle,Fire Apparatus,Diesel
08P2-1,201901,Fire,Main,2008,Pierce Pumper,Heavy Duty Vehicle,Fire Apparatus,Diesel
08P2-2,201901,Fire,Main,2008,Pierce  Pumper,Heavy Duty Vehicle,Fire Apparatus,Diesel
08P2-3,201901,Fire,Main,2008,Pierce Pumper,Heavy Duty Vehicle,Fire Apparatus,Diesel
11T2-1,201901,Fire,Main,2011,Pierce Aerial,Heavy Duty Vehicle,Fire Apparatus,Diesel
19P2-1,201901,Fire,Main,2019,Pierce Pumper,Heavy Duty Vehicle,Fire Apparatus,Diesel
20P2-1,201901,Fire,Main,2020,Dodge Ram 5500,Light Truck,Fire Apparatus,Diesel
03U2-1,201901,Other Vehicles,Main,2003,Dodge RAM,Light Truck,General,Gasoline
09A1-4,201901,Other Vehicles,Main,2009,Toyota High Hyb,Light Truck,General,Gasoline
11A7-1,201901,Other Vehicles,Main,2011,Ford Escape-Hybrid,Light Truck,General,Gasoline
07U9-1,201901,Other Vehicles,Main,2007,GMC W4500,Light Truck,General,Gasoline
20U9-1,201901,Other Vehicles,Main,2020,Chevrolet Colorado,Light Truck,General,Gasoline
97V5-1,201901,Other Vehicles,Main,1997,Ford E250,Light Truck,General,Gasoline
20A7-1,201901,Other Vehicles,Main,2020,Chevrolet Equinox,Light Truck,General,Gasoline
20A7-2,201901,Other Vehicles,Main,2020,Chevrolet Equinox,Light Truck,General,Gasoline
17U9-1,201901,Other Vehicles,Main,2017,Ford F250,Light Truck,General,Gasoline
03V1-2,201901,Police,Detectives,2003,Chevrolet,Passenger Car,General,Gasoline
08A1-3,201901,Police,Detectives,2008,Ford Escape,Light Truck,General,Gasoline
09A1-3,201901,Police,Detectives,2009,Toyota Highlander,Light Truck,General,Gasoline
12A1-2,201901,Police,Detectives,2012,Dodge Journey,Light Truck,General,Gasoline
12A1-3,201901,Police,Detectives,2012,Dodge Journey,Light Truck,General,Gasoline
14A1-4,201901,Police,Detectives,2014,Dodge Journey,Light Truck,General,Gasoline
15A1-1,201901,Police,Detectives,2015,Kia Sorento,Light Truck,General,Gasoline
16A1-1,201901,Police,Detectives,2016,Kia Sorento,Light Truck,General,Gasoline
16S1-8,201901,Police,Detectives,2016,Chevrolet Tahoe,Light Truck,General,Gasoline
18A1-1,201901,Police,Detectives,2018,Chevrolet Equinox,Light Truck,General,Gasoline
22A1-1,201901,Police,Detectives,2022,Chevy Traverse,Light Truck,General,Gasoline
22A1-2,201901,Police,Detectives,2022,Chevy Traverse,Light Truck,General,Gasoline
00V7-1,201901,Other Vehicles,Main,2000,Dodge Grand Caravan,Light Truck,General,Gasoline
07U7-1,201901,Other Vehicles,Main,2007,Chevrolet Colorado,Light Truck,General,Gasoline
07U7-2,201901,Other Vehicles,Main,2007,Chevrolet Colorado,Light Truck,General,Gasoline
17A7-1,201901,Other Vehicles,Main,2017,Ford Escape,Light Truck,General,Gasoline
00P2-1,201901,Fire,Main,2000,Ford F350,Light Truck,General,Gasoline
07U2-1,201901,Fire,Main,2007,Dodge RAM,Light Truck,General,Gasoline
09A2-1,201901,Fire,Main,2009,Toy Highlander Hyb,Light Truck,General,Gasoline
13U2-1,201901,Fire,Main,2013,Ford F-150 4x4,Light Truck,General,Gasoline
18A2-1,201901,Fire,Main,2018,Ford Explorer,Light Truck,General,Gasoline
20A2-1,201901,Fire,Main,2020,Ford Interceptor,Light Truck,General,Gasoline
01U8-1,201901,Other Vehicles,Main,2001,Ford Ranger,Light Truck,General,Gasoline
02A8-2,201901,Other Vehicles,Main,2002,Toyota Prius-Hybrid,Passenger Car,General,Gasoline
21V0-1,201901,Other Vehicles,Main,2021,Ford Transit Van,Light Truck,General,Gasoline
09A5-1,201901,Other Vehicles,Main,2009,Toyota Prius-Hybrid,Passenger Car,General,Gasoline
11A8-1,201901,Other Vehicles,Main,2011,Ford Escape-Hybrid,Light Truck,General,Gasoline
19A8-1,201901,Other Vehicles,Main,2019,Chevrolet Equinox,Light Truck,General,Gasoline
97D4-1,201901,Parks,Main,1997,Chevrolet 3500,Light Truck,General,Gasoline
00U5-1,201901,Parks,Main,2000,Nissan Frontier,Light Truck,General,Gasoline
02U6-1,201901,Parks,Main,2002,Ford F250,Light Truck,General,Gasoline
04U5-2,201901,Parks,Main,2004,Chevrolet Silverado,Light Truck,General,Gasoline
05U5-1,201901,Parks,Main,2005,Toyota Tundra,Light Truck,General,Gasoline
07U5-1,201901,Parks,Main,2007,Chevrolet Silverado,Light Truck,General,Gasoline
12U5-1,201901,Parks,Main,2012,Chevy Silverado Hyb,Light Truck,General,Gasoline
17U5-1,201901,Parks,Main,2017,GMC Sierra,Light Truck,General,Gasoline
17U5-2,201901,Parks,Main,2017,GMC Sierra,Light Truck,General,Gasoline
20U5-1,201901,Parks,Main,2020,Chevy Colorado,Light Truck,General,Gasoline
21U5-1,201901,Parks,Main,2021,Chevy Colorado,Light Truck,General,Gasoline
13A1-1,201901,Police,Main,2013,Ford Taurus,Passenger Car,General,Gasoline
14A1-2,201901,Police,Main,2014,Dodge Charger,Passenger Car,General,Gasoline
16A1-2,201901,Police,Main,2016,Dodge Journey,Light Truck,General,Gasoline
19A1-1,201901,Police,Main,2019,Chevrolet Traverse,Light Truck,General,Gasoline
20A1-1,201901,Police,Main,2020,Ford Explorer,Light Truck,General,Gasoline
07U4-1,201901,Police,Code Enforcement,2007,Chevrolet Silverado,Light Truck,General,Gasoline
12U1-1,201901,Police,Code Enforcement,2012,Chevy Hybrid,Light Truck,General,Gasoline
15U1-1,201901,Police,Code Enforcement,2015,Ford F150,Light Truck,General,Gasoline
16U1-1,201901,Police,Code Enforcement,2016,Ford F-150,Light Truck,General,Gasoline
17A1-1,201901,Police,Traffic,2017,Ford Explorer,Light Truck,General,Gasoline
00U6-1,201901,Sewer Infrastructure,Main,2000,Nissan Frontier,Light Truck,General,Gasoline
13U6-1,201901,Sewer Infrastructure,Main,2013,Ford F150 Longbed,Light Truck,General,Gasoline
08U6-1,201901,Water Restoration,Main,2008,Chevy Silverado,Light Truck,General,Gasoline
17U4-2,201901,Streets,Main,2017,GMC Sierra,Light Truck,General,Gasoline
18U4-1,201901,Streets,Main,2018,GMC Sierra,Light Truck,General,Gasoline
19D4-1,201901,Streets,Main,2019,GMC Sierra,Light Truck,General,Gasoline
19U4-1,201901,Streets,Main,2019,GMC Canyon,Light Truck,General,Gasoline
03U3-1,201901,Water Infrastructure,Main,2003,Ford F150,Light Truck,General,Gasoline
06U3-1,201901,Water Infrastructure,Main,2006,Chevrolet Silverado,Light Truck,General,Gasoline
12U3-2,201901,Water Infrastructure,Main,2012,Ford F150 Ext Cab,Light Truck,General,Gasoline
12U3-3,201901,Water Infrastructure,Main,2012,Ford F150 Ext Cab,Light Truck,General,Gasoline
17D6-1,201901,Water Infrastructure,Main,2017,GMC Sierra,Light Truck,General,Gasoline
18A3-1,201901,Water Infrastructure,Main,2018,Ford Escape,Light Truck,General,Gasoline
07U6-1,201901,Sewer Infrastructure,Main,2007,Chevy Silverado,Light Truck,General,Gasoline
17V3-1*,201901,Streets,Storm,2017,Ram Promaster,Light Truck,General,Gasoline
20V6-1,201901,Sewer Infrastructure,Main,2020,Ford Transit Van,Light Truck,General,Gasoline
09A3-1,201901,Water Treatment,Main,2009,Ford Escape-Hybrid,Light Truck,General,Gasoline
12U3-1,201901,Water Treatment,Main,2012,Chevy Silverado Hyb,Light Truck,General,Gasoline
06U3-2,201901,Sewer Infrastructure,Main,2006,Chevy,Light Truck,General,Gasoline
14S1-1,201901,Police,Main,2014,Chevrolet Tahoe,Light Truck,Police Patrol,Gasoline
14S1-2,201901,Police,Main,2014,Chevrolet Tahoe,Light Truck,Police Patrol,Gasoline
15S1-1,201901,Police,Main,2015,Chevrolet Tahoe,Light Truck,Police Patrol,Gasoline
15S1-2,201901,Police,Main,2015,Chevrolet Tahoe,Light Truck,Police Patrol,Gasoline
15S1-3,201901,Police,Main,2015,Chevrolet Tahoe,Light Truck,Police Patrol,Gasoline
16S1-1,201901,Police,Main,2016,Chevrolet Tahoe,Light Truck,Police Patrol,Gasoline
16S1-10,201901,Police,Main,2016,Chevrolet Tahoe,Light Truck,Police Patrol,Gasoline
16S1-2,201901,Police,Main,2016,Chevrolet Tahoe,Light Truck,Police Patrol,Gasoline
16S1-3,201901,Police,Main,2016,Chevrolet Tahoe,Light Truck,Police Patrol,Gasoline
16S1-4,201901,Police,Main,2016,Chevrolet Tahoe,Light Truck,Police Patrol,Gasoline
16S1-5,201901,Police,Main,2016,Chevrolet Tahoe,Light Truck,Police Patrol,Gasoline
16S1-6,201901,Police,Main,2016,Chevrolet Tahoe,Light Truck,Police Patrol,Gasoline
16S1-7,201901,Police,Main,2016,Chevrolet Tahoe,Light Truck,Police Patrol,Gasoline
16S1-9,201901,Police,Main,2016,Chevrolet Tahoe,Light Truck,Police Patrol,Gasoline
19S1-1,201901,Police,Main,2019,Chevrolet Tahoe,Light Truck,Police Patrol,Gasoline
19S1-2,201901,Police,Main,2019,Chevrolet Tahoe,Light Truck,Police Patrol,Gasoline
20MC1-1,201901,Police,Main,2020,BMW R1250,Motorcycle,Police Patrol,Gasoline
20S1-1,201901,Police,Main,2020,Chevrolet Tahoe,Light Truck,Police Patrol,Gasoline
06MC1-1,201901,Police,Traffic,2006,Honda ST1300PA6,Motorcycle,Police Patrol,Gasoline
13MC1-1,201901,Police,Traffic,2013,Honda Motorcycle,Motorcycle,Police Patrol,Gasoline
10TK1-1,201901,Police,Main,2010,Bae Systems,Heavy Duty Vehicle,Special,Diesel
13TK1-1,201901,Police,Main,2013,Bae MRAP,Heavy Duty Vehicle,Special,Diesel
16H6-1,201901,Sewer Infrastructure,Main,2016,Freightliner,Heavy Duty Vehicle,Special,Diesel
00P2-1 PUMP,201901,Fire,Main,2000,Honda Pump,Construction Equipment,Special,Gasoline
04U4-1,201901,Other Vehicles,Main,2004,Ford F250,Light Truck,Special,Gasoline
03U4-1,201901,Police,Main,2003,Ford F250,Light Truck,Special,Gasoline
06IC2-1,201901,Police,Main,2006,Winnebago,Utility and Recreational Equipment,Special,Gasoline
09A1-5,201901,Police,Main,2009,Toyota Camry-Hybrid,Passenger Car,Special,Gasoline
10A1-6,201901,Police,Main,2010,Chevrolet Traverse,Light Truck,Special,Gasoline
54A1-1*,201901,Police,Main,1954,Ford Cruiser,Light Truck,Special,Gasoline
93V1-1,201901,Police,Main,1993,Ford E150,Light Truck,Special,Gasoline
14U4-1,201901,Water Restoration,Main,2014,Ford F350 4x4,Light Truck,Special,Gasoline
94D4-1,201901,Streets,Main,1994,Ford F700,Light Truck,Special,Gasoline
10U4-1,201901,Streets,Main,2010,Ford F250,Light Truck,Special,Gasoline
16C4-2,201901,Streets,Main,2016,Doosan generator,Construction Equipment,Special,Gasoline
92D4-2,201901,Streets,Main,1992,Dump Truck,Heavy Duty Vehicle,Special,Gasoline
98D3-1,201901,Water Infrastructure,Main,1998,GMC Dump Truck,Heavy Duty Vehicle,Special,Gasoline
17U4-1,201901,Streets,Storm,2017,Ford F-250,Light Truck,Special,Gasoline
05U3-2,201901,Water Infrastructure,Main,2005,Ford F250,Light Truck,Special,Gasoline
21U3-1,201901,Water Infrastructure,Main,2021,Ford F550 Ext Cab,Light Truck,Special,Gasoline
21TV4-1,201901,Streets,Storm,2021,Ford E-450 SD,Light Truck,Special,Gasoline
22TV6-1,201901,Sewer Infrastructure,Main,2022,Ford TV Van,Light Truck,Special,Gasoline
05U3-1,201901,Water Treatment,Main,2005,Ford F250,Light Truck,Special,Gasoline
00FL31,201901,Water Infrastructure,Main,2000,Hyster Forklift,Heavy Duty Vehicle,Special,Propane
16HP31,201901,Water Infrastructure,Main,2016,PW-16HP Pump,Construction Equipment,Special,Gasoline
